"Pergunta";"A";"B";"C";"D";"Correta";"Dificuldade";"Personagem";"Explicação";"Referência"
"Qual era a ocupação de Davi quando o profeta Samuel foi a Belém para ungi-lo rei?";"Pastor de ovelhas";"Soldado do exército de Saul";"Músico do palácio";"Agricultor de trigo";"A";"Fácil";"Davi";"Davi era o filho mais novo de Jessé e estava cuidando das ovelhas da família quando Samuel pediu que o chamassem. Deus havia rejeitado os sete irmãos mais velhos: o Senhor não olha para a aparência, mas para o coração.";"1 Samuel 16:11-13"
"Em qual cidade Davi nasceu?";"Jerusalém";"Belém";"Hebrom";"Gibeá";"B";"Fácil";"Davi";"Davi nasceu em Belém de Judá, cidade do seu pai Jessé, e por isso o Novo Testamento chama Belém de ""a cidade de Davi"". Jerusalém e Hebrom foram cidades do seu reinado, e Gibeá era a cidade de Saul.";"1 Samuel 17:12; Lucas 2:4"
"Como se chamava o pai de Davi?";"Boaz";"Obede";"Jessé";"Samuel";"C";"Fácil";"Davi";"Jessé, de Belém, era o pai de Davi. Boaz e Obede eram seus antepassados (bisavô e avô), e Samuel era o profeta que foi à casa de Jessé para ungir um de seus filhos.";"1 Samuel 16:1; Rute 4:17-22"
"Qual profeta ungiu Davi como futuro rei de Israel?";"Natã";"Eli";"Zadoque";"Samuel";"D";"Fácil";"Davi";"Samuel, enviado por Deus a Belém, ungiu Davi diante dos irmãos, e o Espírito do Senhor veio sobre ele daquele dia em diante. Natã e Zadoque tiveram papel na unção de Salomão, e Eli foi o sacerdote que criou Samuel.";"1 Samuel 16:13"
"Qual gigante filisteu Davi derrotou no vale de Elá?";"Og";"Golias";"Sísera";"Abner";"B";"Fácil";"Davi";"Golias, de Gate, desafiou o exército de Israel durante quarenta dias até que Davi o enfrentou. Og foi rei de Basã, derrotado no tempo de Moisés, e Sísera foi o general inimigo morto por Jael.";"1 Samuel 17:4,48-50"
"Qual arma Davi usou para derrubar Golias?";"Uma funda e uma pedra";"A espada e a armadura do rei Saul";"Uma lança de bronze";"Um arco e flechas";"A";"Fácil";"Davi";"Davi experimentou a armadura de Saul, mas não conseguia andar com ela. Pegou o cajado, a funda e cinco pedras lisas do ribeiro e acertou o gigante na testa, dizendo que a batalha pertencia ao Senhor.";"1 Samuel 17:38-40,49-50"
"Quantas pedras lisas Davi escolheu do ribeiro antes de enfrentar Golias?";"Três";"Sete";"Cinco";"Doze";"C";"Fácil";"Davi";"Davi escolheu cinco pedras lisas do ribeiro e as pôs no alforje de pastor. Usou apenas uma. O número doze lembra as tribos de Israel e o número sete é muito comum na Bíblia, mas não aparece nesta história.";"1 Samuel 17:40"
"Que instrumento Davi tocava para acalmar o rei Saul quando ele era atormentado?";"Flauta";"Trombeta";"Pandeiro";"Harpa";"D";"Fácil";"Davi";"Davi foi levado à corte de Saul por seu talento musical. Quando o espírito mau atormentava o rei, Davi tocava harpa, e Saul se refrescava e ficava melhor.";"1 Samuel 16:14-23"
"Qual filho do rei Saul se tornou o grande amigo de Davi?";"Jônatas";"Absalão";"Joabe";"Abner";"A";"Fácil";"Davi";"Jônatas fez aliança com Davi e o amou como à sua própria alma, mesmo sabendo que Davi seria o futuro rei no lugar da casa de seu pai. Absalão era filho de Davi, e Joabe e Abner eram comandantes militares.";"1 Samuel 18:1-4; 20:16-17"
"Qual livro da Bíblia reúne muitos poemas e orações atribuídos a Davi?";"Provérbios";"Lamentações";"Cântico dos Cânticos";"Salmos";"D";"Fácil";"Davi";"Muitos salmos trazem no título ""de Davi"", como o Salmo 23 e o Salmo 51. Provérbios é atribuído principalmente a Salomão, e Lamentações trata da queda de Jerusalém.";"Salmos 23:1; Salmos 51:1"
"Qual filho de Davi foi o rei que o sucedeu no trono de Israel?";"Absalão";"Adonias";"Salomão";"Amnom";"C";"Fácil";"Davi";"Salomão, filho de Davi e de Bate-Seba, foi ungido rei por Natã e Zadoque e construiu o templo em Jerusalém. Absalão se rebelou contra o pai, Adonias tentou tomar o trono e Amnom foi morto por Absalão.";"1 Reis 1:28-40; 1 Reis 2:12"
"Com qual mulher Davi pecou, mandando depois matar o marido dela?";"Mical";"Bate-Seba";"Abigail";"Tamar";"B";"Fácil";"Davi";"Davi tomou Bate-Seba, mulher de Urias, e depois ordenou que Urias fosse posto na frente da batalha para morrer. Mical e Abigail também foram esposas de Davi, mas não têm relação com esse pecado, e Tamar foi sua filha.";"2 Samuel 11:2-17"
"Qual profeta confrontou Davi depois do seu pecado com Bate-Seba, dizendo ""Tu és o homem""?";"Elias";"Samuel";"Natã";"Eliseu";"C";"Fácil";"Davi";"Natã contou a Davi a história de um homem rico que tomou a única ovelhinha de um pobre. Davi se indignou e Natã declarou: ""Tu és o homem"". Davi confessou o pecado e escreveu o Salmo 51. Elias e Eliseu viveram séculos depois, e Samuel já havia morrido.";"2 Samuel 12:1-13"
"Qual rei de Israel perseguiu Davi por inveja e tentou matá-lo várias vezes?";"Acabe";"Herodes";"Nabucodonosor";"Saul";"D";"Fácil";"Davi";"Depois que as mulheres cantaram que Saul havia ferido milhares e Davi dezenas de milhares, Saul passou a olhar Davi com inveja e a persegui-lo. Acabe, Herodes e Nabucodonosor reinaram séculos depois ou fora de Israel.";"1 Samuel 18:7-11"
"De qual povo Davi conquistou a fortaleza de Sião, tornando-a a Cidade de Davi?";"Jebuseus";"Filisteus";"Amalequitas";"Moabitas";"A";"Média";"Davi";"Jerusalém era uma fortaleza dos jebuseus, considerada tão segura que eles zombaram de Davi. Davi a tomou, passou a morar nela e a chamou de Cidade de Davi. Filisteus, amalequitas e moabitas eram outros inimigos de Israel, mas não ocupavam Jerusalém.";"2 Samuel 5:6-9"
"Em qual cidade os homens de Judá ungiram Davi como seu rei logo depois da morte de Saul?";"Belém";"Hebrom";"Siló";"Gibeá";"B";"Média";"Davi";"Depois da morte de Saul, Davi subiu a Hebrom por orientação do Senhor, e os homens de Judá o ungiram rei sobre a sua tribo. Só mais tarde as tribos do norte o reconheceram, e então ele foi para Jerusalém.";"2 Samuel 2:1-4"
"Qual era o nome do rei filisteu de Gate que acolheu Davi quando ele fugia de Saul?";"Abimeleque";"Aquis";"Golias";"Nabal";"B";"Média";"Davi";"Davi se refugiou duas vezes em Gate, junto a Aquis. Da segunda vez, Aquis lhe deu a cidade de Ziclague. Abimeleque é nome de reis filisteus do tempo de Abraão e Isaque, Golias era o gigante e Nabal era o marido de Abigail.";"1 Samuel 27:1-7"
"Qual esposa de Davi o desprezou em seu coração ao vê-lo dançar diante da arca em Jerusalém?";"Abigail";"Bate-Seba";"Ainoã";"Mical";"D";"Média";"Davi";"Mical, filha de Saul, olhou pela janela, viu Davi dançando com todas as suas forças e o desprezou. Davi respondeu que continuaria a se humilhar diante do Senhor, e a Bíblia diz que Mical não teve filhos.";"2 Samuel 6:14-23"
"Quem foi o marido insensato de Abigail, que se recusou a ajudar Davi e seus homens e depois morreu?";"Nabal";"Elcana";"Urias";"Boaz";"A";"Média";"Davi";"Nabal, rico dono de ovelhas em Maom e Carmelo, insultou os mensageiros de Davi. Abigail, sua mulher, levou provisões a Davi e evitou um massacre; dez dias depois, o Senhor feriu Nabal e ele morreu. Elcana era o pai de Samuel, Urias era marido de Bate-Seba e Boaz casou-se com Rute.";"1 Samuel 25:3,10-11,38"
"Na caverna de En-Gedi, Davi poupou a vida de Saul e cortou às escondidas:";"A sua espada";"A sua coroa";"A orla do seu manto";"A sua lança";"C";"Média";"Davi";"Davi cortou a orla do manto de Saul, mas logo seu coração o feriu por ter tocado no ungido do Senhor. Em outra ocasião, no acampamento de Saul, ele levou a lança e o jarro de água que estavam perto da cabeça do rei, que dormia.";"1 Samuel 24:3-7; 26:11-12"
"Quem foi o chefe do exército de Davi durante quase todo o seu reinado?";"Abner";"Abisai";"Benaia";"Joabe";"D";"Média";"Davi";"Joabe, filho de Zeruia e sobrinho de Davi, comandava o exército. Abner foi o general de Saul, Abisai era irmão de Joabe, e Benaia comandava a guarda pessoal do rei e só assumiu o exército no tempo de Salomão.";"2 Samuel 8:16; 2 Samuel 20:23"
"Qual filho de Davi conspirou para tomar o trono e obrigou o pai a fugir de Jerusalém?";"Adonias";"Absalão";"Amnom";"Salomão";"B";"Média";"Davi";"Absalão conquistou o coração do povo na porta da cidade e se proclamou rei em Hebrom. Davi fugiu para além do Jordão e só voltou depois que Absalão foi morto por Joabe. Adonias tentou se fazer rei no fim da vida de Davi, mas sem obrigá-lo a fugir.";"2 Samuel 15:1-14"
"Que promessa Deus fez a Davi por meio do profeta Natã, quando Davi quis construir uma casa para o Senhor?";"Que ele mesmo construiria o templo, com a ajuda dos filhos";"Que ele nunca seria castigado pelos seus pecados";"Que a sua casa e o seu trono seriam estabelecidos para sempre";"Que o seu reino nunca seria dividido entre as tribos";"C";"Média";"Davi";"Deus disse que não seria Davi, mas um descendente seu, quem construiria a casa do Senhor, e prometeu estabelecer o trono de Davi para sempre. O Novo Testamento vê essa promessa cumprida em Jesus, o Filho de Davi.";"2 Samuel 7:4-16"
"Para convencer Saul a deixá-lo enfrentar Golias, Davi contou que, como pastor, já havia matado um urso e também:";"Um leão";"Um lobo";"Um leopardo";"Um javali";"A";"Média";"Davi";"Davi explicou que, quando um leão ou um urso levava uma ovelha do rebanho, ele ia atrás, ferindo e livrando a ovelha. Concluiu que o Deus que o livrou das garras do leão e do urso o livraria também do filisteu.";"1 Samuel 17:34-37"
"Quem morreu ao estender a mão para segurar a arca da aliança quando os bois tropeçaram, a caminho de Jerusalém?";"Aiô";"Uzá";"Obede-Edom";"Zadoque";"B";"Média";"Davi";"Uzá tocou a arca para segurá-la e morreu na hora, o que fez Davi temer e deixar a arca na casa de Obede-Edom, que foi abençoado durante os três meses em que a arca ficou lá. Aiô, irmão de Uzá, guiava o carro e Zadoque era sacerdote.";"2 Samuel 6:1-11"
"Segundo 2 Samuel 5, por quanto tempo Davi reinou em Hebrom e por quanto tempo reinou em Jerusalém?";"Sete anos e meio em Hebrom e trinta e três anos em Jerusalém";"Trinta e três anos em Hebrom e sete anos e meio em Jerusalém";"Sete anos em Hebrom e quarenta em Jerusalém";"Dez anos em Hebrom e trinta em Jerusalém";"A";"Difícil";"Davi";"Davi reinou sete anos e meio sobre Judá, em Hebrom, e trinta e três anos sobre todo Israel e Judá, em Jerusalém, somando cerca de quarenta anos. A alternativa invertida troca os dois períodos e as outras inventam números que não aparecem no texto.";"2 Samuel 5:4-5; 1 Reis 2:11"
"Segundo 2 Samuel 11, quem era o marido de Bate-Seba?";"Urias, o moabita";"Eliã, filho de Aitofel";"Urias, o heteu";"Aitofel, o gilonita";"C";"Difícil";"Davi";"Urias, o heteu, era um dos valentes de Davi e estava em campanha em Rabá quando Davi mandou colocá-lo na frente da batalha. Eliã era o pai de Bate-Seba, e Aitofel, conselheiro de Davi, era o pai de Eliã, ou seja, avô dela.";"2 Samuel 11:3,15; 2 Samuel 23:34,39"
"Qual conselheiro de Davi aderiu à rebelião de Absalão e se enforcou ao ver seu conselho rejeitado?";"Husai";"Zadoque";"Simei";"Aitofel";"D";"Difícil";"Davi";"Aitofel aconselhou Absalão a perseguir Davi imediatamente, mas Absalão preferiu o conselho de Husai. Ao ver que o seu não foi seguido, Aitofel voltou para casa, deu ordens à família e se enforcou. Husai era amigo de Davi e frustrou o plano, Zadoque era sacerdote fiel a Davi e Simei amaldiçoou o rei na fuga.";"2 Samuel 15:12; 2 Samuel 17:1-23"
"A quem Davi mostrou bondade por amor a Jônatas, fazendo-o comer sempre à sua mesa, embora ele fosse aleijado dos pés?";"Is-Bosete";"Mefibosete";"Siba";"Abinadabe";"B";"Difícil";"Davi";"Mefibosete, filho de Jônatas, ficou aleijado quando caiu do colo da ama que fugia com ele, ainda criança. Davi lhe devolveu as terras de Saul e o fez comer à mesa do rei. Is-Bosete e Abinadabe eram filhos de Saul, e Siba era o servo que cuidava das terras.";"2 Samuel 9:1-13; 2 Samuel 4:4"
"Quando Davi e seus homens voltaram à cidade que o rei Aquis lhes dera, a encontraram queimada e as famílias levadas pelos amalequitas. Qual era a cidade?";"Gate";"Ecrom";"Gibeá";"Ziclague";"D";"Difícil";"Davi";"Aquis deu Ziclague a Davi, e foi ali que os amalequitas atacaram. Davi se fortaleceu no Senhor, perseguiu os inimigos com quatrocentos homens e recuperou tudo. Gate era a cidade de Aquis, Ecrom era outra cidade filisteia e Gibeá era a cidade de Saul.";"1 Samuel 27:6; 1 Samuel 30:1-19"
"Depois do censo que Davi ordenou, o profeta Gade lhe ofereceu três castigos. Davi escolheu cair nas mãos do Senhor, e veio uma peste sobre Israel. Quantos homens do povo morreram, segundo 2 Samuel 24?";"Quatorze mil e setecentos";"Vinte e quatro mil";"Setenta mil";"Cento e oitenta e cinco mil";"C";"Muito difícil";"Davi";"A peste matou setenta mil homens, de Dã a Berseba, até que o anjo estendeu a mão sobre Jerusalém e o Senhor se arrependeu do mal. Davi comprou a eira de Araúna e ofereceu holocaustos. Os outros números são de outras histórias: 14.700 morreram na praga depois da revolta de Corá, 24.000 na idolatria de Baal-Peor e 185.000 foram os assírios mortos pelo anjo no tempo de Ezequias.";"2 Samuel 24:10-25"
"Qual dos valentes de Davi desceu a uma cova num dia de neve e matou um leão?";"Benaia, filho de Joiada";"Abisai, filho de Zeruia";"Eleazar, filho de Dodô";"Sama, filho de Agé";"A";"Muito difícil";"Davi";"Benaia, filho de Joiada, também matou um egípcio de grande estatura, tomando-lhe a lança e usando-a contra ele. Abisai matou trezentos com a lança, Eleazar feriu filisteus até a mão ficar presa à espada, e Sama defendeu um campo de lentilhas.";"2 Samuel 23:18-23"
