Passe;Degrau;XP;Moedas;Recompensa;Item visual;Moedas se repetido;Recompensa se repetido
Noite de Belém;1;500;60;;Estrela de Belém;;
Noite de Belém;2;1500;;Dica 50/50;Dourado de Belém;;
Noite de Belém;3;3000;100;;Manjedoura;;
Noite de Belém;4;5000;;Tempo extra;Glória nas alturas;;
Noite de Belém;5;7500;;Pacote surpresa;Moldura Estrela de Belém;;
Noite de Belém;6;10500;200;;Pastor de Belém;;Dica 50/50
Noite de Belém;7;14000;;Bênção dobrada;Noite em Belém;;
Noite de Belém;8;18000;300;;Capa Noite de Belém;;Pacote surpresa
Aleluia, Ele Vive!;1;500;60;;Tumba vazia;;
Aleluia, Ele Vive!;2;1500;;Dica 50/50;Alvorada;;
Aleluia, Ele Vive!;3;3000;100;;Cruz da Alvorada;;
Aleluia, Ele Vive!;4;5000;;Tempo extra;Aleluia;;
Aleluia, Ele Vive!;5;7500;;Pacote surpresa;Moldura Luz da Ressurreição;;
Aleluia, Ele Vive!;6;10500;200;;Testemunha da Alvorada;;Dica 50/50
Aleluia, Ele Vive!;7;14000;;Bênção dobrada;Manhã da Ressurreição;;
Aleluia, Ele Vive!;8;18000;300;;Capa da Ressurreição;;Pacote surpresa
Fogo do Espírito;1;500;60;;Línguas de fogo;;
Fogo do Espírito;2;1500;;Dica 50/50;Vermelho Pentecostes;;
Fogo do Espírito;3;3000;100;;Chama do Espírito;;
Fogo do Espírito;4;5000;;Tempo extra;Vento do Espírito;;
Fogo do Espírito;5;7500;;Pacote surpresa;Moldura Línguas de Fogo;;
Fogo do Espírito;6;10500;200;;Cheio do Espírito;;Dica 50/50
Fogo do Espírito;7;14000;;Bênção dobrada;Cenáculo em Chamas;;
Fogo do Espírito;8;18000;300;;Capa Pentecostes;;Pacote surpresa
Travessia do Mar Vermelho;1;500;60;;Mar aberto;;
Travessia do Mar Vermelho;2;1500;;Dica 50/50;Azul do Mar Vermelho;;
Travessia do Mar Vermelho;3;3000;100;;Cajado de Moisés;;
Travessia do Mar Vermelho;4;5000;;Tempo extra;Maná do céu;;
Travessia do Mar Vermelho;5;7500;;Pacote surpresa;Moldura Muralhas de Água;;
Travessia do Mar Vermelho;6;10500;200;;Libertado pelas Águas;;Dica 50/50
Travessia do Mar Vermelho;7;14000;;Bênção dobrada;Mar que se abriu;;
Travessia do Mar Vermelho;8;18000;300;;Capa da Travessia;;Pacote surpresa
Davi, o Pastor-Rei;1;500;60;;Harpa de Davi;;
Davi, o Pastor-Rei;2;1500;;Dica 50/50;Verde dos Pastos;;
Davi, o Pastor-Rei;3;3000;100;;Funda de Davi;;
Davi, o Pastor-Rei;4;5000;;Tempo extra;Coroa do pastor;;
Davi, o Pastor-Rei;5;7500;;Pacote surpresa;Moldura Coroa de Davi;;
Davi, o Pastor-Rei;6;10500;200;;Salmista de Israel;;Dica 50/50
Davi, o Pastor-Rei;7;14000;;Bênção dobrada;Vale de Elá;;
Davi, o Pastor-Rei;8;18000;300;;Capa Pastor-Rei;;Pacote surpresa
Viagens de Paulo;1;500;60;;Navio de Paulo;;
Viagens de Paulo;2;1500;;Dica 50/50;Azul do Mediterrâneo;;
Viagens de Paulo;3;3000;100;;Rolo de Cartas;;
Viagens de Paulo;4;5000;;Tempo extra;Carta aos romanos;;
Viagens de Paulo;5;7500;;Pacote surpresa;Moldura Corda e Leme;;
Viagens de Paulo;6;10500;200;;Apóstolo dos Gentios;;Dica 50/50
Viagens de Paulo;7;14000;;Bênção dobrada;Estrada de Damasco;;
Viagens de Paulo;8;18000;300;;Capa Viagens de Paulo;;Pacote surpresa
Elias, o Profeta de Fogo;1;500;60;;Fogo do Carmelo;;
Elias, o Profeta de Fogo;2;1500;;Dica 50/50;Laranja do Carmelo;;
Elias, o Profeta de Fogo;3;3000;100;;Carruagem de Fogo;;
Elias, o Profeta de Fogo;4;5000;;Tempo extra;Corvos de Elias;;
Elias, o Profeta de Fogo;5;7500;;Pacote surpresa;Moldura Fogo do Carmelo;;
Elias, o Profeta de Fogo;6;10500;200;;Profeta do Carmelo;;Dica 50/50
Elias, o Profeta de Fogo;7;14000;;Bênção dobrada;Monte Carmelo;;
Elias, o Profeta de Fogo;8;18000;300;;Capa Elias, o Profeta;;Pacote surpresa
Daniel e os Leões;1;500;60;;Leão manso;;
Daniel e os Leões;2;1500;;Dica 50/50;Âmbar de Babilônia;;
Daniel e os Leões;3;3000;100;;Leão de Daniel;;
Daniel e os Leões;4;5000;;Tempo extra;Oração de Daniel;;
Daniel e os Leões;5;7500;;Pacote surpresa;Moldura Cova dos Leões;;
Daniel e os Leões;6;10500;200;;Fiel entre os Leões;;Dica 50/50
Daniel e os Leões;7;14000;;Bênção dobrada;Cova dos Leões;;
Daniel e os Leões;8;18000;300;;Capa Daniel e os Leões;;Pacote surpresa
Jonas e o Grande Peixe;1;500;60;;Grande peixe;;
Jonas e o Grande Peixe;2;1500;;Dica 50/50;Verde-água de Társis;;
Jonas e o Grande Peixe;3;3000;100;;Baleia de Jonas;;
Jonas e o Grande Peixe;4;5000;;Tempo extra;Nínive ouviu;;
Jonas e o Grande Peixe;5;7500;;Pacote surpresa;Moldura Ondas de Társis;;
Jonas e o Grande Peixe;6;10500;200;;Mensageiro de Nínive;;Dica 50/50
Jonas e o Grande Peixe;7;14000;;Bênção dobrada;Mar de Társis;;
Jonas e o Grande Peixe;8;18000;300;;Capa Jonas e o Grande Peixe;;Pacote surpresa
Rute e Noemi;1;500;60;;Espiga dourada;;
Rute e Noemi;2;1500;;Dica 50/50;Trigo de Belém;;
Rute e Noemi;3;3000;100;;Feixe de Trigo;;
Rute e Noemi;4;5000;;Tempo extra;Fidelidade;;
Rute e Noemi;5;7500;;Pacote surpresa;Moldura Campos de Boaz;;
Rute e Noemi;6;10500;200;;Fiel como Rute;;Dica 50/50
Rute e Noemi;7;14000;;Bênção dobrada;Campos de Boaz;;
Rute e Noemi;8;18000;300;;Capa Rute e Noemi;;Pacote surpresa
