Personagem;Raridade;Papel na história;Período;Testamento;Palavras-chave;Resumo curto;Vigor;Influência;Etiquetas;Gatilho;Efeitos;Texto do Dom;Disponível
Abigail;Épica;"Mulher prudente que evitou um massacre e impediu Davi de cometer uma vingança injusta; símbolo de sabedoria e de coragem pacífica";Monarquia nascente, época da fuga de Davi de Saul (cerca de 1015 a.C.);Antigo;sabedoria, prudência, coragem, paz, intercessão, casamento;<p>Mulher sábia e corajosa que, ao saber que o marido insensato, Nabal, havia insultado Davi, correu ao encontro do futuro rei com provisões e palavras de paz, evitou um massacre e acabou se tornando ;3;4;Mulher, Sábia;revelar;poder valor=+3 alvo=aliados-aqui;;Sim
Abraão;Comum;"Pai da fé e patriarca de Israel; receptor da aliança e da promessa de terra, descendência e bênção a todas as nações";Período patriarcal (cerca de 2000 a 1800 a.C.);Antigo;fé, promessa, aliança, obediência, hospitalidade, intercessão, amigo de Deus;<p>Chamado por Deus aos 75 anos para deixar sua terra e seguir rumo ao desconhecido, Abraão tornou-se o pai da fé: recebeu a promessa de uma descendência incontável, creu em Deus mesmo quando tudo par;4;4;Patriarca;revelar;criar ficha=Descendente onde=cada-cenario;;Sim
Acabe;Épica;Rei de Israel que promoveu o culto a Baal ao lado de Jezabel e foi o grande adversário do profeta Elias;Reino dividido, Reino de Israel (cerca de 874 a 853 a.C.);Antigo;idolatria, Baal, Jezabel, injustiça, arrependimento, julgamento;<p>Sétimo rei de Israel (Reino do Norte), Acabe reinou 22 anos em Samaria e é lembrado como um dos reis mais ímpios: casou-se com Jezabel, promoveu o culto a Baal e enfrentou o profeta Elias.</p>;3;5;Rei, Adversário;revelar;poder valor=+4 alvo=si se=inimigo-etiqueta:Profeta;;Sim
Adão;Comum;Primeiro ser humano, cuja desobediência explica a entrada do pecado no mundo e prepara a promessa da redenção em Cristo;Início da humanidade (a Criação, tempos primitivos);Antigo;criação, Éden, queda, pecado, promessa, imagem de Deus;<p>O primeiro homem, criado do pó da terra e animado pelo sopro de Deus, Adão viveu no Éden com Eva até a desobediência que trouxe o pecado e a morte ao mundo, sempre acompanhada da promessa de redenç;2;2;Patriarca;revelar;comprar qtd=1;;Sim
Ana;Rara;"Mãe de Samuel e exemplo de oração perseverante; sua fé e seu voto deram a Israel o último juiz e grande profeta";Época dos juízes (cerca de 1100 a.C.);Antigo;oração, esterilidade, voto, gratidão, maternidade, Siló, Samuel;"<p>Mulher estéril de Siló que derramou sua alma em oração e recebeu de Deus o filho Samuel, a quem entregou ao serviço do Senhor; seu cântico de gratidão é um dos grandes poemas da Bíblia.</p>";2;3;Mulher;revelar;vigor-extra valor=1;;Sim
Arão;Comum;"Primeiro sumo sacerdote de Israel e porta-voz de Moisés; fundador da linhagem sacerdotal que serviu no tabernáculo";Êxodo e peregrinação no deserto (cerca de 1500 a 1400 a.C.);Antigo;sacerdócio, intercessão, porta-voz, bezerro de ouro, vara que floresceu, tabernáculo;<p>Irmão mais velho de Moisés e primeiro sumo sacerdote de Israel, Arão foi o porta-voz do libertador diante do faraó e inaugurou o sacerdócio no tabernáculo, apesar de falhas graves como o bezerro de;3;5;Sacerdote;continuo;aura valor=+1 em=aliados-aqui;;Sim
Asafe;Rara;"Levita e líder de cantores no tempo de Davi; autor de doze salmos e fundador de uma linhagem de músicos do templo que serviu por séculos";Monarquia unida (cerca de 1000 a 960 a.C.);Antigo;louvor, música, levita, vidente, salmos, templo, címbalos;<p>Levita e músico escolhido por Davi para liderar o louvor diante da arca, Asafe tocava címbalos, é chamado de vidente e compôs doze salmos, entre eles o 73, sobre a prosperidade dos ímpios, e o 50, ;3;4;Levita;fim-do-turno;poder valor=+1 alvo=aliados-aqui;;Sim
Bezalel;Rara;Principal artífice do tabernáculo e construtor da arca da aliança, primeiro homem da Bíblia descrito como cheio do Espírito de Deus para uma obra de arte;Peregrinação no deserto (cerca de 1450 a 1445 a.C.);;artífice, arte, Espírito de Deus, tabernáculo, arca da aliança, sabedoria, obra;"<p>Artífice da tribo de Judá, escolhido por Deus e cheio do Espírito para projetar e fazer o tabernáculo e seus objetos, incluindo a arca da aliança; é o primeiro homem da Bíblia descrito como cheio d";2;3;Artífice;revelar;custo-menos valor=1;;Sim
Caifás;Épica;Sumo sacerdote que presidiu o conselho do julgamento de Jesus e liderou a oposição inicial à igreja primitiva;Época de Jesus e da igreja primitiva (cerca de 18 a 36 d.C.);Novo;sumo sacerdote, julgamento de Jesus, Sinédrio, saduceus, profecia, perseguição, Anás;"<p>Sumo sacerdote que presidiu o conselho que condenou Jesus; conspirou para matá-lo, declarou que ""convinha que um homem morresse pelo povo"", sem saber que profetizava, e depois perseguiu os apóstolo";3;5;Sacerdote, Adversário;revelar;descartar qtd=1;;Sim
Corá;Rara;Levita que se rebelou contra a liderança de Moisés e Arão e tornou-se exemplo bíblico dos riscos do orgulho e da ambição;Peregrinação no deserto (cerca de 1445 a 1405 a.C.);Antigo;rebelião, orgulho, autoridade, julgamento, incensário, sacerdócio;"<p>Levita orgulhoso que liderou uma revolta contra Moisés e Arão no deserto, exigindo o sacerdócio para si; a terra se abriu e o engoliu, e o episódio ficou como advertência contra a rebelião.</p>";3;4;Levita, Adversário;destruida;destruir alvo=inimigo-mais-fraco;;Sim
Dalila;Rara;"Mulher que, por dinheiro e por insistência, descobriu o segredo da força de Sansão e o entregou aos filisteus; símbolo de traição e pressão";Época dos juízes (cerca de 1075 a.C.);Antigo;traição, sedução, suborno, insistência, segredo, nazireu, filisteus;"<p>Mulher do vale de Soreque, amada por Sansão, que foi subornada pelos príncipes dos filisteus para descobrir o segredo da sua força; depois de insistir dia após dia, ela o fez revelar que a força es";3;4;Mulher, Adversário;revelar;poder valor=-3 alvo=inimigo-mais-forte;;Sim
Daniel;Épica;"Profeta e estadista no exílio babilônico; modelo de fidelidade a Deus em meio a um império pagão e revelador do futuro dos reinos";Exílio babilônico e início do domínio persa (cerca de 605 a 536 a.C.);Antigo;fidelidade, exílio, sabedoria, visões, oração, cova dos leões, profecia;<p>Jovem judeu levado cativo para a Babilônia que permaneceu fiel a Deus durante o exílio, interpretou sonhos de reis, sobreviveu à cova dos leões e recebeu visões sobre o futuro dos reinos e do Reino;2;2;Profeta;continuo;proteger;;Sim
Davi;Rara;"Segundo rei de Israel; pastor, guerreiro, salmista e ancestral do Messias; modelo de coração arrependido diante de Deus";Monarquia unida (cerca de 1010 a 970 a.C.);Antigo;coração, fé, coragem, rei, salmos, pecado e arrependimento, aliança davídica;"<p>De pastor de ovelhas em Belém a maior rei de Israel, Davi venceu o gigante Golias, escreveu salmos eternos, caiu em pecado grave e foi restaurado; Deus lhe prometeu um trono que durará para sempre,";2;2;Rei, Pastor;revelar;poder valor=+6 alvo=si se=inimigo-poder:6;;Sim
Diná;Comum;;;;;<p>teste</p>;1;2;Mulher;;;;Sim
Débora;Comum;"Profetisa, juíza e líder militar de Israel; símbolo de liderança, fé e coragem que trouxe 40 anos de paz";Época dos juízes (cerca de 1200 a 1100 a.C.);Antigo;liderança, profecia, coragem, juíza, fé, vitória, Jael;<p>Única mulher entre os juízes de Israel, Débora foi profetisa, líder e compositora: chamou Baraque à batalha, derrotou o exército de Sísera e celebrou a vitória em um dos cânticos mais antigos da Bí;4;6;Juiz, Profeta, Mulher;continuo;poder-por valor=+1 por=aliados-aqui;;Sim
Elias;Lendária;"Grande profeta do Reino do Norte que confrontou a idolatria de Baal e anunciou o juízo contra a casa de Acabe; precursor da expectativa de Elias antes do Messias";Reino dividido, Reino de Israel (cerca de 874 a 850 a.C.);Antigo;profeta, Baal, Carmelo, fogo, voz mansa, oração, arrebatamento;<p>Profeta do Reino do Norte que enfrentou o rei Acabe e os profetas de Baal, fez fogo descer do céu no monte Carmelo, ouviu Deus em uma voz mansa e foi levado ao céu num redemoinho sem passar pela mo;5;8;Profeta;revelar;destruir alvo=inimigo-mais-forte;;Sim
Eliseu;Rara;"Profeta do Reino do Norte, sucessor de Elias; seus milagres mostraram o poder e a misericórdia de Deus para o povo comum";Reino dividido, Reino de Israel (cerca de 850 a 800 a.C.);Antigo;profecia, milagres, sucessão, cura, fé, Naamã;<p>Sucessor de Elias, Eliseu foi chamado enquanto arava um campo e se tornou um dos profetas mais atuantes de Israel: multiplicou azeite, curou o general Naamã, ressuscitou um menino e manteve viva a ;4;5;Profeta;revelar;criar ficha=Pão onde=aqui | ressuscitar qtd=1;;Sim
Ester;Épica;"Rainha da Pérsia que arriscou a vida para salvar os judeus; exemplo de coragem e de providência divina oculta";Domínio persa (cerca de 483 a 473 a.C.);Antigo;coragem, providência, jejum, livramento, Purim, rainha;"<p>Jovem judia órfã que se tornou rainha da Pérsia e, com coragem e estratégia, arriscou a própria vida para salvar o seu povo da destruição planejada por Hamã; sua história é lembrada até hoje na fes";4;6;Rainha, Mulher;revelar;poder valor=+2 alvo=outros-aliados | comprar qtd=1;;Sim
Eva;Comum;"Primeira mulher e mãe da humanidade; sua história explica a origem do pecado e prepara a promessa de redenção";Início da humanidade (a Criação, tempos primitivos);Antigo;criação, tentação, queda, promessa, maternidade, mãe de todos os viventes;"<p>A primeira mulher, formada por Deus como companheira de Adão, Eva viveu no Éden, foi enganada pela serpente e comeu do fruto proibido; apesar da queda, recebeu a promessa de que sua descendência tr";2;3;Mulher;revelar;criar ficha=Descendente onde=aqui;;Sim
Ezequiel;Épica;Profeta e sacerdote do exílio babilônico que anunciou o juízo sobre Jerusalém e, depois, a restauração do povo de Deus com um novo coração;Exílio babilônico (cerca de 593 a 571 a.C.);Antigo;profeta, exílio, atalaia, visões, vale de ossos secos, novo coração, novo templo;"<p>Sacerdote levado cativo para a Babilônia, Ezequiel foi chamado por Deus como atalaia de Israel; com visões extraordinárias e gestos simbólicos, anunciou o juízo, a queda de Jerusalém e a esperança ";3;4;Profeta, Sacerdote;revelar;ressuscitar qtd=1;;Sim
Gabriel;Lendária;Anjo mensageiro de Deus que traz grandes revelações: as visões de Daniel, o nascimento de João Batista e a chegada do Messias;Do exílio babilônico (cerca de 550 a.C.) ao nascimento de Jesus (cerca de 6 a.C.);Novo;anjo, mensageiro, anúncio, visão, setenta semanas, nascimento de Jesus, Deus é minha força;<p>Anjo mensageiro de Deus que explicou as visões ao profeta Daniel, anunciou o nascimento de João Batista a Zacarias e levou a Maria a notícia de que ela seria mãe de Jesus.</p>;5;7;Anjo;revelar;comprar qtd=2 | vigor-extra valor=1;;Sim
Herodes Agripa I;Comum;"Rei da Judeia que perseguiu a igreja primitiva, mandou matar o apóstolo Tiago e prendeu Pedro; seu fim ilustra o juízo sobre o orgulho";Igreja primitiva (cerca de 41 a 44 d.C.);Novo;perseguição, oração, libertação, orgulho, juízo, igreja primitiva;"<p>Neto de Herodes, o Grande, Agripa I governou a Judeia por poucos anos como rei vassalo de Roma; para agradar aos judeus, mandou matar o apóstolo Tiago e prender Pedro, e morreu de forma repentina p";3;5;Rei, Adversário;revelar;devolver alvo=inimigo-mais-fraco;;Sim
Josafá;Épica;Rei de Judá que buscou ao Senhor, reformou o ensino e a justiça e liderou o povo com louvor, apesar das alianças erradas com o Reino do Norte;Reino dividido, Reino de Judá (cerca de 870 a 848 a.C.);Antigo;reforma, justiça, oração, louvor, jejum, aliança, vitória;"<p>Rei de Judá que buscou ao Senhor, enviou mestres da Lei por todo o reino e, diante de uma invasão, confiou em Deus com jejum e louvor; apesar disso, aliou-se a Acabe e a Acazias, de Israel, e pagou";4;6;Rei;continuo;aura valor=+1 em=vizinhos;;Sim
Josué;Rara;"Sucessor de Moisés e comandante da conquista de Canaã; líder que renovou a aliança de Israel com Deus";Conquista de Canaã (cerca de 1405 a 1380 a.C.);Antigo;liderança, coragem, conquista, aliança, obediência, Jericó;"<p>Sucessor de Moisés, Josué liderou Israel na travessia do Jordão e na conquista de Canaã; destacou-se pela coragem, pela obediência a Deus e pela famosa declaração: ""Eu e a minha casa serviremos ao ";4;6;Líder;revelar;poder valor=+2 alvo=aliados-aqui | criar ficha=Soldado onde=aqui;;Sim
João;Épica;"Apóstolo do círculo íntimo de Jesus, o ""discípulo amado"", líder da igreja primitiva e autor tradicional do quarto Evangelho, de três cartas e do Apocalipse";Ministério de Jesus e igreja primitiva (cerca de 27 a 100 d.C.);Novo;discípulo amado, amor, Evangelho, Apocalipse, Patmos, Éfeso, apóstolo;"<p>Filho de Zebedeu e irmão de Tiago, pescador chamado por Jesus, João foi do círculo mais íntimo do Mestre, o ""discípulo amado"", e é o autor tradicional do quarto Evangelho, de três cartas e do Apoca";4;5;Apóstolo;continuo;aura valor=+1 em=aliados etiqueta=Apóstolo;;Sim
Jó;Comum;"Homem justo cujo sofrimento inexplicável ensina que a fé não depende de entender; modelo de perseverança e de honestidade diante de Deus";Era patriarcal (data incerta, provavelmente antes ou durante o período dos patriarcas);Antigo;sofrimento, integridade, paciência, amigos, sabedoria, restauração, Redentor;"<p>Homem íntegro e rico que perdeu bens, filhos e saúde numa sucessão de calamidades; sem entender o porquê, clamou a Deus, resistiu às acusações dos amigos e acabou restaurado depois de um encontro d";2;3;Patriarca;destruida;comprar qtd=1;;Sim
Levi;Comum;Terceiro filho de Jacó e patriarca da tribo sacerdotal de Israel, de onde vieram Moisés, Arão e todos os levitas;Período patriarcal (cerca de 1900 a 1750 a.C.);Antigo;sacerdócio, tribo de Levi, Siquém, Diná, consagração, levitas, Moisés;<p>Terceiro filho de Jacó e Lia, Levi vingou a irmã Diná com violência, foi repreendido pelo pai, mas seus descendentes se tornaram a tribo consagrada ao serviço de Deus: os sacerdotes e levitas de Is;2;3;Patriarca, Sacerdote;aliado-jogado;poder valor=+2 alvo=si;;Sim
Lídia;Rara;Empresária que se tornou a primeira convertida registrada na Europa e abriu sua casa para a igreja de Filipos;Igreja primitiva, segunda viagem missionária de Paulo (cerca de 50 d.C.);Novo;conversão, hospitalidade, empreendedorismo, batismo, Filipos, igreja primitiva;"<p>Comerciante de púrpura de Tiatira, estabelecida em Filipos, Lídia foi a primeira convertida registrada na Europa; ouviu Paulo à beira de um rio, foi batizada com sua casa e abriu o lar para a nasce";3;4;Mulher;revelar;comprar qtd=1 | poder valor=+1 alvo=aliados-aqui;;Sim
Marcos;Comum;"Colaborador de Pedro, Paulo e Barnabé e autor tradicional do Evangelho de Marcos; exemplo de restauração depois do fracasso";Igreja primitiva (cerca de 40 a 68 d.C.);Novo;restauração, discipulado, Evangelho, segunda chance, ministério, Barnabé;"<p>João Marcos, jovem de Jerusalém cuja mãe abria a casa para a igreja, acompanhou Paulo, Barnabé e Pedro; falhou numa viagem missionária, foi restaurado e, segundo a tradição, escreveu o Evangelho de";2;3;Discípulo;revelar;sumir turnos=2 bonus=+3;;Sim
Maria Madalena;Comum;Discípula fiel de Jesus, testemunha da cruz e do túmulo vazio, primeira a ver Jesus ressuscitado e a anunciar a ressurreição;Ministério de Jesus (cerca de 28 a 33 d.C.);;discípula, libertação, cruz, túmulo vazio, ressurreição, testemunha, Magdala;"<p>Discípula de Jesus, libertada de sete demônios, que o seguiu e serviu com seus bens; ficou junto à cruz, viu o sepultamento e foi a primeira pessoa a ver Jesus ressuscitado e a anunciar a ressurrei";3;5;Mulher, Discípula;revelar;poder valor=+1 alvo=outros-aliados;;Sim
Mateus;Rara;"Apóstolo e ex-cobrador de impostos, símbolo da graça que chama pecadores; autor tradicional do primeiro Evangelho";Ministério de Jesus e igreja primitiva (cerca de 27 a 70 d.C.);Novo;cobrador de impostos, chamado, conversão, Evangelho, reino dos céus, profecias cumpridas, apóstolo;"<p>Cobrador de impostos de Cafarnaum, chamado por Jesus com a ordem ""Segue-me"", Mateus deixou a mesa de arrecadação para se tornar um dos doze apóstolos e é o autor tradicional do primeiro Evangelho d";3;5;Apóstolo;revelar;vigor-extra valor=1;;Sim
Moisés;Rara;"Libertador e legislador de Israel; mediador da aliança no Sinai e autor tradicional da Torá";Êxodo e peregrinação no deserto (cerca de 1500 a 1400 a.C.);Antigo;libertação, Lei, Êxodo, aliança, intercessão, profeta, mediador;<p>Salvo das águas do Nilo ainda bebê, criado no palácio do faraó e chamado por Deus numa sarça ardente, Moisés libertou Israel da escravidão no Egito, recebeu a Lei no Sinai e conduziu o povo por 40 ;4;5;Profeta, Líder;revelar;mover-inimigos;;Sim
Naamã;Rara;"General estrangeiro curado da lepra; exemplo de humildade e de que a graça de Deus alcança todos os povos";Reino dividido, época de Eliseu (cerca de 850 a 800 a.C.);Antigo;cura, humildade, obediência, lepra, fé, graça;<p>Comandante do exército de Arã, poderoso e respeitado, mas leproso, Naamã foi curado depois de se humilhar e mergulhar sete vezes no rio Jordão por ordem do profeta Eliseu, e confessou o Deus de Isr;3;3;Estrangeiro;revelar;multiplicar fator=2;;Sim
Nicodemos;Épica;"Fariseu e líder judeu que, de visitante noturno, passou a defender Jesus e a participar do seu sepultamento; protagonista da conversa sobre o novo nascimento";Ministério de Jesus (cerca de 28 a 33 d.C.);Novo;fariseu, nascer de novo, Sinédrio, coragem, sepultamento, fé gradual, noite;"<p>Fariseu e membro do Sinédrio que procurou Jesus de noite e ouviu que era preciso ""nascer de novo""; mais tarde defendeu o direito de Jesus a um julgamento justo e ajudou José de Arimateia a sepultá-";3;3;Fariseu;fim-do-turno;poder valor=+2 alvo=si;;Sim
Ninrode;Rara;"Primeiro grande rei e caçador depois do dilúvio, fundador de cidades da Mesopotâmia; figura associada à ambição humana e a Babel";Pós-dilúvio, tempos primitivos (data incerta);Antigo;poder, caçador, Babel, Nínive, impérios, ambição, Mesopotâmia;"<p>Bisneto de Noé e fundador de grandes cidades na Mesopotâmia, Ninrode é descrito em Gênesis como ""poderoso caçador diante do Senhor""; a tradição o associa a Babel, e seu nome tornou-se sinônimo de p";4;6;Rei, Adversário;revelar;destruir alvo=inimigo-mais-fraco;;Sim
Noé;Comum;"Construtor da arca e sobrevivente do dilúvio; pai da humanidade pós-dilúvio e beneficiário da primeira aliança com toda a criação";Tempos primitivos, antes e depois do dilúvio (data incerta);Antigo;arca, dilúvio, obediência, aliança, arco-íris, justiça, graça;<p>Homem justo numa geração violenta, Noé construiu uma arca por ordem de Deus, salvou a si, a família e os animais do dilúvio e recebeu a promessa de que a terra nunca mais seria destruída por águas,;3;4;Patriarca;revelar;criar ficha=Ovelha onde=vizinhos;;Sim
Paulo;Lendária;"Apóstolo dos gentios, missionário e autor de treze cartas; principal teólogo do cristianismo primitivo";Igreja primitiva (cerca de 5 a 67 d.C.);Novo;conversão, missão, graça, cartas, perseguição, gentios, fé;<p>De perseguidor da igreja a maior missionário do cristianismo, Paulo foi transformado por uma visão de Jesus no caminho de Damasco, plantou igrejas pelo Império Romano e escreveu treze cartas do Nov;5;8;Apóstolo;revelar;converter | poder-por valor=+1 por=aliados etiqueta=Apóstolo;;Sim
Pedro;Rara;"Discípulo mais próximo de Jesus e líder da igreja nascente; símbolo de fé impetuosa, queda e restauração";Ministério de Jesus e igreja primitiva (cerca de 27 a 67 d.C.);Novo;discípulo, confissão, negação, restauração, Pentecostes, liderança, perseguição;<p>Pescador de Cafarnaum chamado por Jesus, Pedro foi o discípulo mais impetuoso: confessou Jesus como o Cristo, negou-o três vezes, foi restaurado e liderou a igreja nascente até o martírio em Roma.<;4;7;Apóstolo, Líder;revelar;poder valor=+3 alvo=si se=perdendo;;Sim
Rute;Comum;"Estrangeira fiel que se tornou ancestral de Davi e de Jesus; símbolo de lealdade, de acolhimento e do cuidado de Deus com todos os povos";Época dos juízes (cerca de 1100 a.C.);Antigo;lealdade, fé, providência, remidor, colheita, estrangeira, Belém;"<p>Jovem moabita que, depois de perder o marido, escolheu ficar com a sogra Noemi e seguir o Deus de Israel; sua lealdade a levou a Belém, ao casamento com Boaz e a ser bisavó do rei Davi e ancestral ";2;3;Mulher;revelar;poder valor=+3 alvo=aliado-mais-fraco;;Sim
Salomão;Comum;"Terceiro rei de Israel; construtor do templo e símbolo máximo de sabedoria; seu desvio na velhice levou à divisão do reino";Monarquia unida (cerca de 970 a 931 a.C.);Antigo;sabedoria, templo, riqueza, paz, idolatria, divisão do reino;"<p>Filho de Davi e rei de Israel, Salomão pediu sabedoria a Deus e se tornou o homem mais sábio da terra; construiu o templo em Jerusalém e levou o reino ao auge, mas seu coração se desviou e o reino ";4;5;Rei;revelar;comprar qtd=2 | custo-menos valor=1;;Sim
Sansão;Comum;"Juiz de Israel e nazireu consagrado a Deus, de força extraordinária; mostra como Deus usa até uma vida cheia de falhas para livrar o seu povo";Época dos juízes (cerca de 1100 a 1070 a.C.);Antigo;nazireu, força, cabelo, juiz, filisteus, traição, sacrifício;"<p>Juiz de Israel e nazireu desde o ventre, Sansão tinha força sobre-humana para enfrentar os filisteus; traído por Dalila, perdeu o cabelo e a visão e, no fim da vida, derrubou o templo de Dagom, mat";4;6;Juiz;destruida;destruir alvo=todos-aqui;;Sim
Tiago(Maior);Comum;"Um dos três discípulos mais próximos de Jesus e primeiro apóstolo mártir; irmão de João e filho de Zebedeu";Ministério de Jesus e igreja primitiva (cerca de 27 a 44 d.C.);Novo;discípulo, círculo íntimo, filhos do trovão, ambição, martírio, serviço;"<p>Filho de Zebedeu e irmão de João, Tiago foi um dos três discípulos mais próximos de Jesus; chamado ""filho do trovão"", foi o primeiro apóstolo a morrer como mártir, executado à espada por Herodes Ag";3;5;Apóstolo;destruida;poder valor=+2 alvo=aliados-aqui;;Sim
